{
  "threshold": 2.6659911898510686,
  "mean_error": 1.0106306681194879,
  "std_error": 0.8757928505362632,
  "min_error": 0.020374921810507318,
  "max_error": 4.220636768677898,
  "percentile_90": 2.1071454873613713,
  "percentile_95": 2.6659911898510686,
  "percentile_99": 4.191004603506397
}