{
  "threshold": 0.5496795535400301,
  "mae_threshold": 0.4380322910653215,
  "mean_loss": 0.15690033148616034,
  "max_loss": 1.880045773618295,
  "min_loss": 0.02134066585184069,
  "std_loss": 0.20688766237801867,
  "percentile_90": 0.32729549719863904,
  "percentile_95": 0.5496795535400301,
  "percentile_99": 1.2909307856237027,
  "mae_stats": {
    "mean": 0.23945812591185814,
    "percentile_95": 0.4380322910653215
  },
  "model_info": {
    "lstm_units": 16,
    "sequence_length": 5,
    "n_features": 8,
    "training_samples": 2996,
    "epochs_trained": 3,
    "batch_size": 64,
    "loss_function": "mse",
    "training_time": "optimized_fast_training"
  }
}