{"final_loss": 0.49041178822517395, "final_val_loss": 0.7141640186309814, "epochs_trained": 5, "training_samples": 991, "threshold": 1.0390258329074833, "mean_error": 0.45360166197997365, "std_error": 0.3806795347974297, "min_error": 0.09451631790003837, "max_error": 2.9474685800283287, "percentile_90": 0.9113137238191326, "percentile_95": 1.0390258329074833, "percentile_99": 1.996014620151193, "sensor_columns": ["temperature", "pressure", "vibration"], "sequence_length": 10, "model_type": "lstm_autoencoder"}