{"final_loss": 0.9220560193061829, "final_val_loss": 1.0721362829208374, "epochs_trained": 3, "training_samples": 100, "threshold": 1.7494489906741577, "mean_error": 0.8983771408871251, "std_error": 0.4928654048543577, "min_error": 0.05895780945441919, "max_error": 2.894748924883037, "percentile_90": 1.581483078728113, "percentile_95": 1.7494489906741577, "percentile_99": 1.9849284909427307, "sensor_columns": ["temperature", "pressure", "vibration"], "model_type": "simple_autoencoder"}